accountId,accountNumber,customerId,productId,balance,availableBalance,dateOpened,status
ACC-001,SBI-3165512104,CUST-396,PROD-058,228965.24,228137.64,2020-01-14,Active
ACC-002,SBI-3484872186,CUST-025,PROD-071,467686.49,455082.09,2021-02-02,Active
ACC-003,SBI-9080510951,CUST-337,PROD-077,303277.31,285646.73,2025-03-07,Active
ACC-004,SBI-9433570024,CUST-391,PROD-032,137161.14,136756.4,2023-11-07,Active
ACC-005,SBI-7495255966,CUST-071,PROD-053,301460.96,296730.27,2024-08-28,Active
ACC-006,SBI-1862812038,CUST-365,PROD-071,316475.35,304581.18,2022-06-21,Active
ACC-007,SBI-5115980792,CUST-472,PROD-017,490677.08,466334.27,2025-06-01,Active
ACC-008,SBI-8344925075,CUST-060,PROD-046,281358.97,272193.52,2024-07-16,Active
ACC-009,SBI-3245108207,CUST-434,PROD-055,404248.24,364845.04,2021-03-27,Active
ACC-010,SBI-4373835078,CUST-029,PROD-026,133855.65,133635.22,2022-02-17,Active
ACC-011,SBI-3324316421,CUST-032,PROD-038,102398.45,95831.46,2023-11-07,Active
ACC-012,SBI-7705605962,CUST-445,PROD-072,432488.32,399515.21,2022-06-12,Active
ACC-013,SBI-3371357111,CUST-025,PROD-049,194083.55,174926.83,2022-02-19,Active
ACC-014,SBI-8076527214,CUST-445,PROD-057,415076.75,404911.84,2024-08-25,Active
ACC-015,SBI-3931997465,CUST-101,PROD-025,147441.77,135454.41,2021-06-23,Active
ACC-016,SBI-2134900434,CUST-062,PROD-049,20796.8,19051.8,2022-03-03,Frozen
ACC-017,SBI-9283395204,CUST-239,PROD-020,20450.32,19625.93,2025-04-26,Active
ACC-018,SBI-2537965898,CUST-339,PROD-039,245530.2,240227.52,2022-09-14,Active
ACC-019,SBI-5979458346,CUST-490,PROD-024,260542.84,248638.12,2023-06-07,Active
ACC-020,SBI-6716887234,CUST-114,PROD-028,331835.57,308393.85,2025-04-04,Active
ACC-021,SBI-6781057298,CUST-288,PROD-002,57803.61,53412.55,2025-06-18,Active
ACC-022,SBI-6673381261,CUST-319,PROD-032,479468.96,475438.18,2020-12-18,Active
ACC-023,SBI-8604215219,CUST-277,PROD-037,12840.51,12216.86,2024-04-29,Active
ACC-024,SBI-6121801720,CUST-023,PROD-038,449191.66,427356.22,2020-10-25,Active
ACC-025,SBI-3692657073,CUST-490,PROD-069,266836.31,245777.09,2025-05-09,Active
ACC-026,SBI-9899689747,CUST-443,PROD-055,417914.71,404794.01,2020-03-14,Active
ACC-027,SBI-1233079614,CUST-170,PROD-005,44216.69,43306.78,2024-09-29,Active
ACC-028,SBI-7045736747,CUST-421,PROD-030,455537.79,430534.49,2023-06-10,Active
ACC-029,SBI-3297096148,CUST-009,PROD-050,336812.72,324735.38,2025-04-05,Active
ACC-030,SBI-4643211329,CUST-382,PROD-075,23235.67,21743.24,2024-04-11,Active
ACC-031,SBI-9275074323,CUST-403,PROD-039,303479.64,284706.8,2020-04-05,Active
ACC-032,SBI-7638836058,CUST-274,PROD-029,68622.54,68348.97,2021-03-23,Active
ACC-033,SBI-9637824374,CUST-455,PROD-048,478717.13,472722.01,2021-03-15,Active
ACC-034,SBI-5067245523,CUST-003,PROD-074,298529.12,277772.13,2022-12-04,Active
ACC-035,SBI-1790242728,CUST-464,PROD-066,71656.33,68911.07,2022-02-24,Active
ACC-036,SBI-3360791536,CUST-093,PROD-073,426199.44,395967.1,2020-07-28,Active
ACC-037,SBI-6715961218,CUST-102,PROD-075,243851.61,222593.0,2021-12-29,Active
ACC-038,SBI-6659847491,CUST-318,PROD-009,450109.24,425382.31,2025-03-29,Active
ACC-039,SBI-7729620601,CUST-356,PROD-075,76621.28,75147.85,2023-08-23,Active
ACC-040,SBI-8047347877,CUST-161,PROD-032,392937.23,364515.29,2023-01-21,Active
ACC-041,SBI-7282885927,CUST-376,PROD-043,439003.97,410852.47,2022-08-07,Active
ACC-042,SBI-4549548567,CUST-056,PROD-023,322953.03,319442.43,2021-09-02,Active
ACC-043,SBI-4831562592,CUST-454,PROD-010,363848.97,358376.22,2025-05-16,Frozen
ACC-044,SBI-3534186676,CUST-298,PROD-075,202864.67,200963.9,2024-09-09,Active
ACC-045,SBI-4329446784,CUST-458,PROD-070,236315.92,221329.2,2021-11-24,Active
ACC-046,SBI-5683893864,CUST-302,PROD-038,67373.69,63087.82,2020-02-02,Active
ACC-047,SBI-5897854817,CUST-435,PROD-079,342238.75,313464.08,2024-10-25,Active
ACC-048,SBI-2541015125,CUST-338,PROD-019,368091.94,339337.3,2024-02-24,Active
ACC-049,SBI-3871553289,CUST-136,PROD-048,117392.33,111732.67,2023-01-27,Active
ACC-050,SBI-8080359881,CUST-470,PROD-059,440835.21,401302.21,2024-06-07,Active
ACC-051,SBI-3448819206,CUST-141,PROD-034,289526.4,271479.05,2023-03-22,Active
ACC-052,SBI-4896576569,CUST-335,PROD-010,258573.12,246067.79,2023-01-01,Active
ACC-053,SBI-9618271425,CUST-177,PROD-063,396432.4,391755.86,2023-09-28,Active
ACC-054,SBI-1908459040,CUST-040,PROD-066,321916.76,295741.89,2023-01-30,Active
ACC-055,SBI-5781753301,CUST-419,PROD-016,330724.27,319983.32,2024-01-28,Active
ACC-056,SBI-1185303518,CUST-083,PROD-053,11711.8,11212.28,2021-05-15,Active
ACC-057,SBI-1630780803,CUST-263,PROD-006,445453.44,408317.83,2021-07-13,Active
ACC-058,SBI-3738568701,CUST-208,PROD-077,484637.22,478749.31,2022-05-30,Active
ACC-059,SBI-3068750029,CUST-111,PROD-058,303459.69,279770.53,2023-06-30,Active
ACC-060,SBI-2136107759,CUST-407,PROD-075,410316.36,398999.29,2022-11-30,Active
ACC-061,SBI-6919372698,CUST-306,PROD-076,34887.03,31859.58,2020-02-21,Active
ACC-062,SBI-4549851402,CUST-441,PROD-065,342341.73,328836.73,2021-07-05,Active
ACC-063,SBI-1504729135,CUST-315,PROD-077,19998.76,18963.31,2021-02-08,Active
ACC-064,SBI-8083396378,CUST-277,PROD-001,448535.99,427097.95,2023-02-24,Active
ACC-065,SBI-8596386996,CUST-358,PROD-068,214763.65,200815.13,2024-11-24,Active
ACC-066,SBI-4689605624,CUST-069,PROD-033,238832.05,221714.16,2024-08-16,Active
ACC-067,SBI-4390543744,CUST-097,PROD-001,354719.84,339750.21,2021-01-01,Active
ACC-068,SBI-6651754819,CUST-193,PROD-027,344039.49,322099.05,2021-04-25,Active
ACC-069,SBI-7597520265,CUST-300,PROD-033,131020.8,125317.07,2025-03-16,Active
ACC-070,SBI-3072183247,CUST-349,PROD-051,377608.46,353827.17,2024-09-20,Active
ACC-071,SBI-8325043570,CUST-158,PROD-074,172505.97,167948.06,2021-01-04,Active
ACC-072,SBI-7478286207,CUST-229,PROD-021,50589.17,49506.97,2024-09-06,Active
ACC-073,SBI-5919148165,CUST-351,PROD-007,80788.64,80189.69,2023-09-14,Active
ACC-074,SBI-3615759047,CUST-135,PROD-029,185732.15,180615.13,2023-05-29,Active
ACC-075,SBI-3566125120,CUST-267,PROD-037,355947.11,354014.88,2021-06-28,Active
ACC-076,SBI-2228388623,CUST-225,PROD-002,101252.77,91467.8,2025-02-05,Active
ACC-077,SBI-3894912687,CUST-358,PROD-030,307787.4,288081.0,2020-01-01,Active
ACC-078,SBI-6992094064,CUST-045,PROD-036,389946.6,373805.94,2024-05-27,Frozen
ACC-079,SBI-7655449762,CUST-361,PROD-009,459629.12,447041.66,2024-10-03,Active
ACC-080,SBI-2187592160,CUST-179,PROD-045,481662.19,462702.2,2021-08-27,Active
ACC-081,SBI-6046735986,CUST-207,PROD-074,2823.4,2683.99,2024-10-01,Active
ACC-082,SBI-9404002665,CUST-151,PROD-044,473534.22,467667.75,2024-11-21,Active
ACC-083,SBI-4306983924,CUST-227,PROD-049,281802.72,274968.25,2023-11-26,Active
ACC-084,SBI-3070046110,CUST-460,PROD-076,431080.63,399086.68,2023-04-03,Active
ACC-085,SBI-3300607428,CUST-113,PROD-030,400180.62,388207.96,2022-03-29,Active
ACC-086,SBI-8821456242,CUST-048,PROD-052,337012.11,305873.16,2021-07-08,Active
ACC-087,SBI-2155671697,CUST-182,PROD-028,447210.97,444846.03,2021-08-13,Active
ACC-088,SBI-9043367776,CUST-103,PROD-031,367846.82,338668.42,2021-09-21,Active
ACC-089,SBI-4345515321,CUST-429,PROD-080,178335.67,162639.96,2020-08-31,Active
ACC-090,SBI-7366396017,CUST-340,PROD-064,307106.57,295457.02,2024-03-09,Active
ACC-091,SBI-3107992942,CUST-452,PROD-074,434450.03,433772.06,2024-05-07,Active
ACC-092,SBI-7112493808,CUST-114,PROD-074,64558.85,64169.27,2020-04-11,Active
ACC-093,SBI-7520641417,CUST-202,PROD-023,228869.42,213206.77,2020-01-27,Frozen
ACC-094,SBI-6692705133,CUST-108,PROD-049,290713.61,279456.54,2022-03-17,Active
ACC-095,SBI-6768555384,CUST-135,PROD-031,135069.41,124046.58,2023-08-10,Active
ACC-096,SBI-7015499403,CUST-359,PROD-048,182856.45,172812.68,2024-11-10,Active
ACC-097,SBI-8390846127,CUST-295,PROD-030,407188.24,399210.92,2024-09-21,Active
ACC-098,SBI-5937271321,CUST-196,PROD-026,73348.95,71923.55,2021-07-02,Active
ACC-099,SBI-7384985150,CUST-069,PROD-067,267224.3,247208.51,2024-10-30,Frozen
ACC-100,SBI-8790289305,CUST-051,PROD-021,30488.17,28892.23,2025-05-10,Active
ACC-101,SBI-8773959039,CUST-382,PROD-043,130254.68,121711.8,2023-07-03,Active
ACC-102,SBI-8646369354,CUST-445,PROD-078,99879.58,93438.44,2024-05-04,Active
ACC-103,SBI-6525576685,CUST-378,PROD-058,444871.41,428487.34,2021-03-26,Active
ACC-104,SBI-4895849088,CUST-328,PROD-044,211197.34,191748.43,2022-12-03,Active
ACC-105,SBI-6993434996,CUST-163,PROD-038,355361.53,351370.53,2023-02-02,Active
ACC-106,SBI-1099218439,CUST-267,PROD-058,207287.54,201644.6,2022-02-20,Active
ACC-107,SBI-2705297819,CUST-359,PROD-011,105680.46,96122.23,2024-01-10,Active
ACC-108,SBI-5277846424,CUST-014,PROD-051,262229.4,238731.77,2025-04-04,Active
ACC-109,SBI-6515490818,CUST-336,PROD-050,155030.64,149239.95,2021-02-11,Active
ACC-110,SBI-9226032256,CUST-088,PROD-004,18059.91,17814.73,2023-12-22,Active
ACC-111,SBI-3316222488,CUST-277,PROD-035,274498.36,263266.74,2023-11-19,Active
ACC-112,SBI-7587552692,CUST-326,PROD-073,217771.2,215787.81,2024-02-05,Active
ACC-113,SBI-6865994703,CUST-413,PROD-012,221209.22,204835.47,2022-08-01,Frozen
ACC-114,SBI-9625656293,CUST-268,PROD-018,172270.52,170928.33,2024-01-22,Active
ACC-115,SBI-3564111605,CUST-393,PROD-056,399083.41,390972.73,2024-08-30,Active
ACC-116,SBI-2073295668,CUST-211,PROD-072,218834.63,212596.49,2023-04-25,Active
ACC-117,SBI-3685741915,CUST-113,PROD-034,40065.26,38128.55,2025-03-20,Active
ACC-118,SBI-8768773991,CUST-351,PROD-035,142696.09,134318.46,2020-07-31,Active
ACC-119,SBI-7948094928,CUST-149,PROD-015,318627.91,295436.07,2025-04-18,Active
ACC-120,SBI-1095051435,CUST-165,PROD-003,76498.58,76286.93,2022-05-26,Active
ACC-121,SBI-1999913493,CUST-367,PROD-057,363689.98,332801.2,2024-03-13,Active
ACC-122,SBI-6890105611,CUST-216,PROD-040,392969.81,381060.26,2020-04-08,Active
ACC-123,SBI-8626371177,CUST-432,PROD-019,28491.15,25845.42,2023-12-31,Active
ACC-124,SBI-4557315473,CUST-459,PROD-033,408716.74,372829.84,2022-02-12,Active
ACC-125,SBI-5271497065,CUST-500,PROD-057,123957.51,114030.74,2020-10-18,Active
ACC-126,SBI-9423349548,CUST-107,PROD-061,194866.92,193623.97,2021-05-07,Active
ACC-127,SBI-6382937230,CUST-022,PROD-071,260702.66,251278.78,2021-09-09,Active
ACC-128,SBI-7159677390,CUST-027,PROD-028,486650.39,438718.62,2022-05-07,Active
ACC-129,SBI-9770294741,CUST-203,PROD-032,4960.46,4853.05,2024-01-16,Active
ACC-130,SBI-2068253975,CUST-080,PROD-048,385513.1,366234.33,2025-04-06,Active
ACC-131,SBI-3768428107,CUST-497,PROD-008,30357.68,29450.98,2020-11-29,Active
ACC-132,SBI-8544958420,CUST-120,PROD-041,490847.02,481301.29,2023-09-25,Active
ACC-133,SBI-5873637580,CUST-011,PROD-049,179404.66,177586.63,2024-02-16,Active
ACC-134,SBI-3104929112,CUST-287,PROD-038,271595.67,259827.48,2024-08-15,Active
ACC-135,SBI-3381646593,CUST-375,PROD-060,138024.57,125172.78,2021-04-26,Active
ACC-136,SBI-2950254385,CUST-420,PROD-034,271032.17,264958.82,2024-04-20,Active
ACC-137,SBI-3663727197,CUST-095,PROD-003,310057.44,288995.05,2020-07-15,Active
ACC-138,SBI-8229392805,CUST-276,PROD-050,95339.79,93106.3,2021-04-23,Active
ACC-139,SBI-1474439845,CUST-166,PROD-053,320631.51,305343.82,2020-07-26,Frozen
ACC-140,SBI-1134319747,CUST-481,PROD-017,89730.08,81717.68,2021-08-18,Active
ACC-141,SBI-2099247629,CUST-293,PROD-050,329131.67,308276.37,2025-02-25,Active
ACC-142,SBI-4573746499,CUST-007,PROD-027,328046.81,310596.66,2025-06-08,Active
ACC-143,SBI-7944675764,CUST-286,PROD-054,411102.24,391740.18,2020-08-06,Active
ACC-144,SBI-1417124022,CUST-040,PROD-028,480313.08,467112.73,2024-07-09,Active
ACC-145,SBI-5069495876,CUST-099,PROD-068,328609.82,314099.18,2024-09-30,Active
ACC-146,SBI-8152161448,CUST-055,PROD-074,179302.7,177201.7,2021-06-02,Active
ACC-147,SBI-3824077950,CUST-282,PROD-052,252594.04,240820.64,2025-02-06,Active
ACC-148,SBI-9576406794,CUST-181,PROD-041,275265.63,270994.99,2023-07-05,Active
ACC-149,SBI-6213781637,CUST-221,PROD-042,304402.48,297270.58,2022-02-28,Active
ACC-150,SBI-9590774810,CUST-232,PROD-058,479932.3,433602.65,2022-06-02,Active
ACC-151,SBI-2296400037,CUST-266,PROD-018,496709.3,461956.24,2021-11-20,Active
ACC-152,SBI-8826879784,CUST-162,PROD-003,385875.77,382754.5,2024-05-07,Active
ACC-153,SBI-5457043482,CUST-475,PROD-074,77780.04,72768.33,2021-03-06,Active
ACC-154,SBI-2289789131,CUST-456,PROD-075,125303.52,119921.57,2024-11-03,Active
ACC-155,SBI-8700464894,CUST-376,PROD-010,361928.47,331993.46,2024-11-25,Active
ACC-156,SBI-9750444358,CUST-049,PROD-077,321306.18,315148.06,2023-03-31,Active
ACC-157,SBI-8804564187,CUST-029,PROD-043,174291.14,164121.63,2021-01-09,Active
ACC-158,SBI-8010218218,CUST-117,PROD-078,464362.26,420439.53,2024-06-17,Frozen
ACC-159,SBI-1948316671,CUST-277,PROD-073,75215.22,68073.68,2023-05-05,Active
ACC-160,SBI-1386903346,CUST-386,PROD-077,287839.8,271488.65,2023-05-10,Active
ACC-161,SBI-4201103712,CUST-173,PROD-011,238189.4,227426.87,2022-03-26,Active
ACC-162,SBI-5874232824,CUST-257,PROD-056,387025.66,369969.29,2024-02-24,Active
ACC-163,SBI-3251627092,CUST-293,PROD-026,280803.22,259527.18,2022-04-07,Active
ACC-164,SBI-8180101072,CUST-166,PROD-074,45252.53,42643.91,2022-12-18,Active
ACC-165,SBI-8600723288,CUST-177,PROD-077,327877.22,300638.99,2022-12-22,Active
ACC-166,SBI-2891776000,CUST-412,PROD-057,311779.49,309416.61,2021-12-26,Active
ACC-167,SBI-4662594124,CUST-192,PROD-020,378988.02,345347.97,2020-06-18,Active
ACC-168,SBI-8817415821,CUST-318,PROD-019,434441.8,391594.25,2020-12-11,Active
ACC-169,SBI-1909997553,CUST-242,PROD-003,166272.42,158730.71,2022-03-14,Active
ACC-170,SBI-3870157362,CUST-319,PROD-019,347688.04,326013.4,2024-06-24,Frozen
ACC-171,SBI-7949105797,CUST-088,PROD-008,142364.76,128884.03,2020-01-26,Active
ACC-172,SBI-1463390201,CUST-339,PROD-035,331659.33,308194.29,2023-04-15,Active
ACC-173,SBI-6649840375,CUST-195,PROD-066,488317.66,481811.94,2024-07-09,Active
ACC-174,SBI-4060031897,CUST-102,PROD-065,483412.29,436992.74,2024-07-02,Active
ACC-175,SBI-5373875401,CUST-251,PROD-051,372323.16,360569.34,2023-01-09,Active
ACC-176,SBI-9856264217,CUST-121,PROD-065,138301.2,128034.82,2023-04-17,Active
ACC-177,SBI-9371391276,CUST-418,PROD-004,472096.28,435536.33,2022-11-27,Active
ACC-178,SBI-6271763012,CUST-337,PROD-018,44353.61,40984.34,2021-04-19,Active
ACC-179,SBI-3328876246,CUST-160,PROD-078,164977.73,151890.99,2021-03-06,Active
ACC-180,SBI-5875872347,CUST-351,PROD-026,431362.54,431176.44,2021-03-26,Active
ACC-181,SBI-1508469555,CUST-290,PROD-021,159089.36,148233.06,2021-03-28,Active
ACC-182,SBI-7061280172,CUST-392,PROD-041,440125.88,415611.07,2025-06-01,Active
ACC-183,SBI-1458579821,CUST-141,PROD-020,389664.39,357896.86,2025-03-16,Active
ACC-184,SBI-3561349676,CUST-311,PROD-073,306374.83,282811.92,2020-03-22,Active
ACC-185,SBI-8084842984,CUST-353,PROD-062,67476.27,61970.05,2023-04-18,Active
ACC-186,SBI-5433392180,CUST-071,PROD-021,97033.28,94748.52,2020-02-16,Active
ACC-187,SBI-1878587567,CUST-487,PROD-053,111665.83,102476.61,2023-09-26,Active
ACC-188,SBI-4812156793,CUST-251,PROD-042,433454.07,408641.24,2020-05-09,Active
ACC-189,SBI-9755342261,CUST-423,PROD-049,360240.36,328154.34,2023-11-20,Active
ACC-190,SBI-4157531471,CUST-022,PROD-032,259591.97,248110.24,2024-05-22,Active
ACC-191,SBI-7182836805,CUST-493,PROD-007,95330.24,94228.2,2022-06-07,Active
ACC-192,SBI-9824210727,CUST-217,PROD-038,306760.57,291943.1,2021-03-17,Active
ACC-193,SBI-3150308852,CUST-331,PROD-058,45675.18,41928.77,2024-12-23,Active
ACC-194,SBI-7071190983,CUST-357,PROD-070,68085.68,64347.0,2021-07-09,Active
ACC-195,SBI-5682286001,CUST-460,PROD-026,441332.95,411502.14,2021-05-24,Active
ACC-196,SBI-2558830012,CUST-064,PROD-012,57525.39,54786.13,2023-04-08,Active
ACC-197,SBI-5981731142,CUST-500,PROD-066,306230.23,292460.46,2020-05-16,Active
ACC-198,SBI-1644630523,CUST-468,PROD-043,282963.04,279251.09,2021-07-09,Active
ACC-199,SBI-9422285317,CUST-027,PROD-054,154377.07,143397.47,2021-07-15,Active
ACC-200,SBI-8582317251,CUST-068,PROD-026,2264.68,2040.98,2024-03-26,Active
ACC-201,SBI-3119423746,CUST-279,PROD-001,304187.97,280366.21,2024-01-17,Active
ACC-202,SBI-1028230917,CUST-227,PROD-011,300807.67,297263.19,2022-05-14,Active
ACC-203,SBI-1636755414,CUST-286,PROD-027,24934.94,24070.39,2020-04-24,Active
ACC-204,SBI-6576763981,CUST-017,PROD-074,419088.21,415751.63,2020-06-01,Active
ACC-205,SBI-7781608576,CUST-092,PROD-021,336209.2,333905.49,2020-10-16,Active
ACC-206,SBI-4523010269,CUST-166,PROD-048,448816.12,437974.61,2024-09-06,Active
ACC-207,SBI-8986096303,CUST-242,PROD-018,61450.6,57328.55,2023-07-09,Active
ACC-208,SBI-5239945630,CUST-357,PROD-027,306220.85,290409.53,2025-02-21,Active
ACC-209,SBI-8936231850,CUST-362,PROD-037,213813.28,197983.83,2024-11-21,Active
ACC-210,SBI-7432749100,CUST-182,PROD-017,307337.85,301436.36,2025-03-08,Active
ACC-211,SBI-5397989823,CUST-149,PROD-025,1289.67,1241.37,2021-01-01,Active
ACC-212,SBI-2778293161,CUST-107,PROD-079,499494.01,466217.33,2024-10-07,Active
ACC-213,SBI-8258568023,CUST-109,PROD-002,320488.85,296593.76,2020-07-29,Active
ACC-214,SBI-1026333597,CUST-260,PROD-071,162299.96,157201.08,2022-11-26,Active
ACC-215,SBI-4573596487,CUST-292,PROD-079,480076.36,441382.95,2022-11-15,Active
ACC-216,SBI-3773055184,CUST-246,PROD-061,398728.56,378054.31,2025-05-02,Active
ACC-217,SBI-8791786307,CUST-443,PROD-069,448016.34,444781.21,2020-06-23,Active
ACC-218,SBI-3301610601,CUST-154,PROD-073,362619.6,333909.65,2022-10-27,Active
ACC-219,SBI-5936227006,CUST-455,PROD-046,33573.41,33038.72,2022-11-19,Active
ACC-220,SBI-2673174406,CUST-321,PROD-069,421281.68,404227.85,2022-08-15,Active
ACC-221,SBI-5667760951,CUST-162,PROD-005,136112.96,134439.43,2023-02-28,Active
ACC-222,SBI-2298447203,CUST-487,PROD-039,108461.87,98832.96,2020-04-26,Active
ACC-223,SBI-3147716902,CUST-468,PROD-012,222165.16,204174.48,2024-02-11,Active
ACC-224,SBI-4744348135,CUST-269,PROD-040,387878.84,380979.97,2024-05-22,Active
ACC-225,SBI-7267939594,CUST-068,PROD-027,362423.03,352046.04,2024-06-10,Active
ACC-226,SBI-5668955416,CUST-160,PROD-006,343682.64,325360.09,2020-05-23,Active
ACC-227,SBI-8552673448,CUST-393,PROD-040,11728.89,11305.3,2021-10-13,Active
ACC-228,SBI-5800273809,CUST-099,PROD-037,138686.44,126888.67,2022-04-30,Active
ACC-229,SBI-1439698549,CUST-491,PROD-080,280033.07,267222.36,2024-09-02,Active
ACC-230,SBI-1735620429,CUST-073,PROD-037,287254.43,267473.45,2022-11-18,Active
ACC-231,SBI-1216706931,CUST-026,PROD-017,14981.85,14058.37,2020-09-24,Active
ACC-232,SBI-6822362090,CUST-092,PROD-077,445692.31,415934.86,2021-09-07,Active
ACC-233,SBI-8578161787,CUST-344,PROD-069,39733.53,38016.2,2020-10-15,Active
ACC-234,SBI-8587031776,CUST-471,PROD-060,49082.87,46484.16,2021-11-26,Active
ACC-235,SBI-6855970349,CUST-459,PROD-079,129397.36,118830.16,2022-10-23,Active
ACC-236,SBI-1129983470,CUST-452,PROD-042,226914.89,215009.45,2022-12-27,Active
ACC-237,SBI-3468224333,CUST-434,PROD-022,141487.56,134525.66,2023-06-14,Active
ACC-238,SBI-3789372578,CUST-408,PROD-014,163271.93,159882.91,2024-07-13,Active
ACC-239,SBI-7366750668,CUST-303,PROD-053,119668.36,108492.05,2021-10-08,Active
ACC-240,SBI-8676510043,CUST-303,PROD-056,392264.83,374398.22,2022-01-03,Active
ACC-241,SBI-8888773421,CUST-343,PROD-010,369813.84,337060.27,2025-01-25,Active
ACC-242,SBI-6051628882,CUST-285,PROD-013,411100.51,409286.88,2020-08-04,Active
ACC-243,SBI-6922377726,CUST-351,PROD-077,385786.02,366276.63,2020-07-10,Active
ACC-244,SBI-5935846979,CUST-419,PROD-018,443687.14,422889.56,2023-04-26,Active
ACC-245,SBI-9063480483,CUST-229,PROD-026,103228.01,95999.32,2022-08-04,Active
ACC-246,SBI-9225368829,CUST-480,PROD-056,359036.72,358688.07,2024-12-15,Frozen
ACC-247,SBI-8956449152,CUST-262,PROD-052,423894.55,384150.64,2024-09-01,Active
ACC-248,SBI-2542943951,CUST-001,PROD-072,410466.27,404770.96,2020-04-06,Active
ACC-249,SBI-6939036170,CUST-360,PROD-076,197437.03,185226.83,2024-08-20,Active
ACC-250,SBI-7680484812,CUST-089,PROD-061,69964.9,68868.74,2023-01-24,Active
ACC-251,SBI-3877911915,CUST-079,PROD-037,498729.29,455553.17,2020-08-10,Active
ACC-252,SBI-1583152392,CUST-074,PROD-063,329134.39,300737.34,2023-07-16,Active
ACC-253,SBI-3676831869,CUST-458,PROD-078,465190.35,439809.3,2023-08-10,Active
ACC-254,SBI-6092933720,CUST-231,PROD-050,177975.96,170938.31,2024-11-30,Active
ACC-255,SBI-6451389154,CUST-375,PROD-031,356208.93,353593.09,2024-11-25,Active
ACC-256,SBI-2583033048,CUST-020,PROD-073,241892.43,231739.45,2020-09-05,Active
ACC-257,SBI-8640187694,CUST-375,PROD-068,491797.76,465483.45,2020-08-31,Active
ACC-258,SBI-3872118270,CUST-313,PROD-012,122993.04,119107.37,2024-08-02,Active
ACC-259,SBI-4343748592,CUST-160,PROD-079,26860.75,25434.09,2024-05-11,Active
ACC-260,SBI-8723309920,CUST-294,PROD-043,210797.55,195814.24,2020-04-19,Active
ACC-261,SBI-7716067319,CUST-306,PROD-039,363622.37,329493.42,2024-01-10,Active
ACC-262,SBI-5412211686,CUST-294,PROD-007,328331.78,311414.82,2021-01-29,Active
ACC-263,SBI-7939798543,CUST-436,PROD-036,126399.46,117238.24,2022-03-09,Frozen
ACC-264,SBI-7213328054,CUST-058,PROD-078,87719.62,86034.01,2022-03-22,Active
ACC-265,SBI-5437090032,CUST-121,PROD-063,90814.19,90669.54,2021-03-26,Active
ACC-266,SBI-2645689727,CUST-421,PROD-020,418888.3,404674.05,2025-06-03,Active
ACC-267,SBI-4519858899,CUST-296,PROD-045,27635.73,25017.31,2023-12-12,Active
ACC-268,SBI-3287159563,CUST-155,PROD-061,373202.2,350056.23,2023-04-26,Active
ACC-269,SBI-5345918656,CUST-075,PROD-068,435203.73,432036.43,2023-10-26,Active
ACC-270,SBI-1176169319,CUST-162,PROD-068,341596.72,338785.79,2025-06-03,Active
ACC-271,SBI-6465734977,CUST-433,PROD-056,305437.54,283150.56,2020-11-01,Active
ACC-272,SBI-4309260670,CUST-300,PROD-051,230823.74,219743.1,2021-07-12,Active
ACC-273,SBI-5346341182,CUST-006,PROD-002,415928.91,378399.59,2020-11-18,Active
ACC-274,SBI-2081885552,CUST-180,PROD-029,362762.7,327721.34,2025-04-08,Active
ACC-275,SBI-4588269668,CUST-481,PROD-077,328474.46,326848.15,2025-06-05,Active
ACC-276,SBI-3597105677,CUST-491,PROD-016,43649.99,40926.05,2024-10-24,Active
ACC-277,SBI-6383036029,CUST-095,PROD-015,347978.99,329430.16,2020-08-23,Active
ACC-278,SBI-8602605839,CUST-473,PROD-036,384794.89,356217.58,2020-08-17,Active
ACC-279,SBI-5277609488,CUST-032,PROD-049,194600.92,180166.18,2022-04-02,Active
ACC-280,SBI-2686352103,CUST-036,PROD-063,489721.28,472359.84,2020-12-02,Active
ACC-281,SBI-3763116394,CUST-394,PROD-056,109584.06,108626.4,2022-03-15,Active
ACC-282,SBI-2915048861,CUST-038,PROD-010,285886.61,282928.04,2021-04-07,Active
ACC-283,SBI-2144335983,CUST-001,PROD-005,332470.62,322498.34,2023-04-30,Active
ACC-284,SBI-9891010459,CUST-264,PROD-063,239330.64,220802.78,2023-04-09,Active
ACC-285,SBI-9553862785,CUST-419,PROD-062,61041.22,56972.45,2022-07-29,Active
ACC-286,SBI-2460558581,CUST-324,PROD-012,182995.0,180088.7,2022-06-19,Active
ACC-287,SBI-6115319619,CUST-091,PROD-071,20145.93,19533.26,2020-11-27,Active
ACC-288,SBI-8012785094,CUST-184,PROD-063,42888.81,41753.65,2021-03-10,Frozen
ACC-289,SBI-2669743840,CUST-013,PROD-076,119623.32,117144.0,2025-06-21,Active
ACC-290,SBI-1070516000,CUST-274,PROD-058,483303.78,451371.18,2022-11-15,Active
ACC-291,SBI-3488270884,CUST-022,PROD-052,59534.46,59086.85,2020-04-24,Active
ACC-292,SBI-1196716790,CUST-251,PROD-003,235874.21,228828.57,2021-02-09,Frozen
ACC-293,SBI-5712834281,CUST-324,PROD-007,452378.84,434791.52,2025-01-10,Active
ACC-294,SBI-3644104389,CUST-419,PROD-014,57532.75,52142.56,2021-09-21,Active
ACC-295,SBI-5884792606,CUST-416,PROD-052,162455.35,159798.02,2021-10-24,Active
ACC-296,SBI-5813565243,CUST-304,PROD-023,168084.11,153649.67,2023-07-13,Active
ACC-297,SBI-3499610004,CUST-190,PROD-071,82920.56,75734.42,2025-05-18,Active
ACC-298,SBI-3091509391,CUST-399,PROD-021,8307.35,7481.89,2021-07-11,Active
ACC-299,SBI-8613098877,CUST-362,PROD-076,443514.11,429869.77,2021-10-02,Active
ACC-300,SBI-3970715367,CUST-139,PROD-067,225484.36,216380.92,2024-04-02,Active
ACC-301,SBI-9609562782,CUST-046,PROD-039,174252.86,160933.65,2020-12-31,Active
ACC-302,SBI-6236751117,CUST-049,PROD-080,181269.7,177106.5,2021-10-08,Active
ACC-303,SBI-7332554920,CUST-100,PROD-015,398408.18,365592.25,2020-05-13,Active
ACC-304,SBI-6374643838,CUST-187,PROD-037,105190.08,101159.4,2023-11-08,Frozen
ACC-305,SBI-1755431522,CUST-380,PROD-007,462468.24,452547.93,2024-02-16,Active
ACC-306,SBI-6695007725,CUST-037,PROD-031,360840.84,331928.52,2022-10-08,Active
ACC-307,SBI-6153771059,CUST-057,PROD-042,114277.14,113035.69,2020-08-16,Active
ACC-308,SBI-1622518030,CUST-249,PROD-007,445299.18,442088.0,2023-11-14,Active
ACC-309,SBI-2158329197,CUST-192,PROD-018,229141.23,213923.76,2020-04-09,Active
ACC-310,SBI-8952782076,CUST-031,PROD-036,68682.5,64963.88,2021-06-15,Active
ACC-311,SBI-4672214312,CUST-113,PROD-038,302016.17,274426.22,2024-06-09,Active
ACC-312,SBI-7282518886,CUST-111,PROD-076,237007.75,213650.73,2023-08-23,Active
ACC-313,SBI-3488791944,CUST-127,PROD-032,163984.33,162210.39,2025-01-12,Active
ACC-314,SBI-1189941491,CUST-468,PROD-074,449176.77,448784.8,2024-04-15,Frozen
ACC-315,SBI-4527419370,CUST-272,PROD-051,239895.03,226759.37,2022-01-17,Active
ACC-316,SBI-1936330742,CUST-386,PROD-002,346733.34,324487.13,2022-01-12,Active
ACC-317,SBI-2309263254,CUST-047,PROD-003,240151.58,233026.39,2024-11-07,Active
ACC-318,SBI-8314908641,CUST-013,PROD-059,232148.44,213227.08,2023-02-24,Active
ACC-319,SBI-5598615444,CUST-361,PROD-001,430261.13,425676.03,2022-10-31,Active
ACC-320,SBI-3940614579,CUST-152,PROD-055,376567.56,362275.13,2022-11-08,Active
ACC-321,SBI-8192579713,CUST-029,PROD-066,472688.45,467393.3,2020-12-10,Active
ACC-322,SBI-2573817755,CUST-239,PROD-080,20916.73,20180.82,2020-07-27,Active
ACC-323,SBI-2438512030,CUST-397,PROD-027,69633.7,66428.0,2024-01-26,Active
ACC-324,SBI-4018690355,CUST-386,PROD-075,435630.13,424877.62,2021-12-01,Active
ACC-325,SBI-7111434048,CUST-460,PROD-035,252031.2,228200.64,2023-03-04,Active
ACC-326,SBI-5822000305,CUST-249,PROD-065,263577.96,255929.59,2024-07-13,Active
ACC-327,SBI-4793015896,CUST-232,PROD-080,184388.85,169423.0,2023-11-23,Active
ACC-328,SBI-5108681386,CUST-201,PROD-023,144542.16,131668.73,2022-05-07,Active
ACC-329,SBI-5392421278,CUST-076,PROD-064,75673.79,71258.5,2024-08-09,Active
ACC-330,SBI-5387233056,CUST-243,PROD-045,210354.92,193296.41,2020-03-09,Active
ACC-331,SBI-6696442664,CUST-119,PROD-067,322513.68,309398.9,2024-07-05,Active
ACC-332,SBI-8685192265,CUST-228,PROD-059,152389.13,139767.3,2022-03-18,Active
ACC-333,SBI-1203233294,CUST-191,PROD-037,384989.99,360085.79,2023-11-17,Active
ACC-334,SBI-2225124755,CUST-317,PROD-021,356050.18,355096.18,2021-04-21,Active
ACC-335,SBI-3467566824,CUST-060,PROD-006,496889.63,469107.97,2023-02-22,Active
ACC-336,SBI-9495542235,CUST-288,PROD-005,332943.86,304575.19,2023-10-25,Active
ACC-337,SBI-4953233832,CUST-084,PROD-069,151129.1,142130.3,2024-03-31,Active
ACC-338,SBI-1670243704,CUST-486,PROD-059,463941.74,462556.88,2024-08-23,Active
ACC-339,SBI-7193796102,CUST-170,PROD-038,237218.38,229844.38,2024-01-28,Active
ACC-340,SBI-5401463562,CUST-072,PROD-071,58879.61,56627.59,2021-11-15,Active
ACC-341,SBI-3754416885,CUST-048,PROD-042,27989.3,26823.35,2021-11-21,Active
ACC-342,SBI-9948948971,CUST-393,PROD-036,98259.98,96780.69,2020-09-28,Active
ACC-343,SBI-8158707130,CUST-202,PROD-025,245487.45,230698.25,2023-08-21,Active
ACC-344,SBI-6804025676,CUST-191,PROD-002,142682.86,142362.16,2024-10-09,Active
ACC-345,SBI-7195509080,CUST-373,PROD-057,370893.07,339878.63,2023-08-09,Active
ACC-346,SBI-3568114320,CUST-213,PROD-018,417838.01,382056.0,2022-07-31,Active
ACC-347,SBI-8542452431,CUST-445,PROD-068,493325.85,448356.65,2023-06-26,Active
ACC-348,SBI-4929345815,CUST-140,PROD-054,87859.06,80823.81,2023-04-01,Active
ACC-349,SBI-7808417605,CUST-252,PROD-006,411488.21,390671.04,2023-12-10,Active
ACC-350,SBI-8028975243,CUST-406,PROD-001,77434.97,70653.04,2022-06-12,Active
ACC-351,SBI-8579407622,CUST-252,PROD-032,14707.07,13961.5,2020-07-26,Active
ACC-352,SBI-8240940498,CUST-186,PROD-075,240502.71,239883.63,2021-01-06,Active
ACC-353,SBI-2114703737,CUST-376,PROD-074,9263.77,8876.22,2021-03-30,Active
ACC-354,SBI-5522120947,CUST-450,PROD-018,179014.04,167577.97,2025-05-30,Active
ACC-355,SBI-5021451005,CUST-183,PROD-007,145283.17,138220.47,2025-05-05,Active
ACC-356,SBI-7630193996,CUST-049,PROD-077,376437.94,371636.22,2022-07-24,Active
ACC-357,SBI-7786248655,CUST-358,PROD-047,48368.79,47514.19,2020-02-10,Active
ACC-358,SBI-7064470209,CUST-145,PROD-048,389514.52,386433.75,2021-05-21,Active
ACC-359,SBI-5784450697,CUST-080,PROD-065,110946.19,104960.55,2020-08-25,Active
ACC-360,SBI-2557220130,CUST-068,PROD-003,240019.36,235627.93,2025-01-30,Active
ACC-361,SBI-2308608938,CUST-497,PROD-044,86517.48,84306.61,2021-01-03,Active
ACC-362,SBI-2320394595,CUST-439,PROD-019,344179.56,316983.9,2020-09-01,Active
ACC-363,SBI-8622245437,CUST-391,PROD-015,39328.78,38374.4,2020-05-12,Active
ACC-364,SBI-3014693343,CUST-017,PROD-066,296791.5,294076.73,2020-05-14,Active
ACC-365,SBI-4360257078,CUST-342,PROD-002,377397.86,374382.38,2021-09-30,Active
ACC-366,SBI-1125666952,CUST-103,PROD-024,335465.02,306801.45,2022-05-11,Active
ACC-367,SBI-3449142215,CUST-179,PROD-046,80698.39,73428.32,2024-12-01,Active
ACC-368,SBI-9436448791,CUST-271,PROD-028,358047.91,328393.43,2024-07-26,Frozen
ACC-369,SBI-7333854872,CUST-372,PROD-013,462153.93,448203.02,2021-07-29,Active
ACC-370,SBI-6925401543,CUST-491,PROD-014,90833.84,83696.79,2021-12-07,Active
ACC-371,SBI-5878706464,CUST-390,PROD-041,62245.89,60766.14,2022-06-14,Active
ACC-372,SBI-5791992101,CUST-021,PROD-011,164393.65,152616.68,2025-02-08,Active
ACC-373,SBI-7044231107,CUST-352,PROD-057,113323.78,113153.37,2023-08-22,Active
ACC-374,SBI-2578148768,CUST-036,PROD-061,469571.46,423214.7,2024-03-07,Active
ACC-375,SBI-3905625550,CUST-203,PROD-057,261569.86,238531.25,2023-05-11,Active
ACC-376,SBI-1724660700,CUST-303,PROD-014,370845.36,347248.84,2021-09-10,Active
ACC-377,SBI-8894618608,CUST-305,PROD-052,61819.7,60120.9,2022-05-15,Active
ACC-378,SBI-9346088084,CUST-393,PROD-075,297028.16,277902.44,2025-02-16,Active
ACC-379,SBI-8593500258,CUST-249,PROD-066,139805.87,127335.7,2022-02-17,Active
ACC-380,SBI-4168819811,CUST-119,PROD-018,15346.9,15086.48,2024-03-27,Active
ACC-381,SBI-8212127816,CUST-498,PROD-023,191625.17,175389.47,2025-04-16,Active
ACC-382,SBI-3001548533,CUST-390,PROD-010,330709.76,307347.2,2024-03-26,Active
ACC-383,SBI-3347715190,CUST-134,PROD-070,172136.02,171319.76,2020-04-08,Active
ACC-384,SBI-6911320527,CUST-451,PROD-016,192123.12,181741.87,2020-04-12,Active
ACC-385,SBI-5999961449,CUST-338,PROD-039,442407.76,417220.65,2022-08-28,Active
ACC-386,SBI-7312821876,CUST-250,PROD-015,284643.18,272183.08,2021-04-30,Active
ACC-387,SBI-9464825444,CUST-201,PROD-034,247598.22,238113.71,2022-12-31,Active
ACC-388,SBI-3536021086,CUST-146,PROD-042,31181.27,28462.88,2023-02-12,Active
ACC-389,SBI-6760652905,CUST-380,PROD-075,13936.47,12678.49,2022-12-08,Active
ACC-390,SBI-2048955076,CUST-211,PROD-045,28696.4,26500.04,2022-08-27,Active
ACC-391,SBI-5786617777,CUST-467,PROD-009,434535.51,398459.47,2024-07-30,Active
ACC-392,SBI-9166493111,CUST-236,PROD-055,284240.68,263395.01,2023-12-30,Active
ACC-393,SBI-3097484316,CUST-163,PROD-049,285391.59,276569.11,2021-10-01,Active
ACC-394,SBI-6581399749,CUST-258,PROD-044,83730.3,83474.32,2021-09-18,Active
ACC-395,SBI-3301389619,CUST-434,PROD-010,420270.05,390319.74,2020-05-27,Active
ACC-396,SBI-5114325536,CUST-294,PROD-052,402399.21,391039.76,2024-12-01,Active
ACC-397,SBI-7336229400,CUST-173,PROD-035,34101.25,31406.36,2020-08-26,Active
ACC-398,SBI-7614024489,CUST-155,PROD-065,402161.29,369991.48,2023-06-03,Active
ACC-399,SBI-3351762983,CUST-264,PROD-059,335944.34,331943.13,2025-05-04,Active
ACC-400,SBI-7301985407,CUST-442,PROD-024,288633.23,286819.54,2024-07-13,Active
ACC-401,SBI-9847124353,CUST-437,PROD-056,467350.65,429992.88,2023-12-07,Active
ACC-402,SBI-7057021720,CUST-078,PROD-039,422138.94,416236.84,2020-07-19,Active
ACC-403,SBI-5984671649,CUST-434,PROD-053,133833.91,129642.97,2022-01-03,Active
ACC-404,SBI-8847888035,CUST-059,PROD-020,96362.05,91198.58,2024-10-05,Active
ACC-405,SBI-2171288962,CUST-217,PROD-005,101394.26,91550.32,2022-05-13,Active
ACC-406,SBI-1085507405,CUST-091,PROD-006,481911.55,475144.74,2020-09-17,Active
ACC-407,SBI-5682829864,CUST-153,PROD-009,450337.16,447777.54,2021-03-12,Active
ACC-408,SBI-6376474657,CUST-293,PROD-065,466501.26,461116.2,2022-01-09,Active
ACC-409,SBI-2816208531,CUST-396,PROD-041,164978.31,150860.75,2021-06-28,Active
ACC-410,SBI-5535165059,CUST-141,PROD-057,204483.59,194943.82,2020-12-16,Active
ACC-411,SBI-9432375190,CUST-217,PROD-061,341527.85,337410.17,2021-03-26,Active
ACC-412,SBI-9680447616,CUST-367,PROD-048,410772.0,409408.45,2025-02-25,Frozen
ACC-413,SBI-6324367157,CUST-379,PROD-007,345495.89,330042.82,2022-08-18,Active
ACC-414,SBI-3943119201,CUST-359,PROD-047,451626.97,430622.28,2022-01-04,Active
ACC-415,SBI-6392476150,CUST-199,PROD-002,454939.66,413551.54,2022-01-01,Active
ACC-416,SBI-8006606505,CUST-441,PROD-021,457987.46,452467.21,2023-06-16,Active
ACC-417,SBI-9334364363,CUST-141,PROD-011,411687.29,389912.79,2023-07-07,Active
ACC-418,SBI-4522909617,CUST-171,PROD-055,438442.23,430743.22,2022-03-21,Active
ACC-419,SBI-8463731970,CUST-181,PROD-054,301256.91,284786.04,2020-03-25,Active
ACC-420,SBI-1584511650,CUST-329,PROD-024,315263.09,296368.17,2025-05-06,Active
ACC-421,SBI-9329737841,CUST-295,PROD-011,55858.69,52794.78,2021-02-18,Active
ACC-422,SBI-8728916782,CUST-352,PROD-076,413470.92,380338.0,2023-07-11,Active
ACC-423,SBI-1964164911,CUST-202,PROD-049,472406.2,469954.85,2024-10-01,Active
ACC-424,SBI-9478813347,CUST-321,PROD-030,453468.97,417112.83,2021-06-08,Frozen
ACC-425,SBI-1641029050,CUST-317,PROD-055,300396.17,299135.49,2021-06-12,Active
ACC-426,SBI-8188100401,CUST-061,PROD-002,359432.42,327748.9,2021-09-23,Active
ACC-427,SBI-7417403386,CUST-442,PROD-035,144337.01,131782.57,2021-10-03,Active
ACC-428,SBI-6108275915,CUST-422,PROD-037,363490.68,333697.89,2021-03-29,Frozen
ACC-429,SBI-6361484825,CUST-500,PROD-034,118125.07,113198.11,2023-11-24,Active
ACC-430,SBI-7859904332,CUST-241,PROD-018,435786.02,395391.08,2024-09-26,Active
ACC-431,SBI-4478291959,CUST-171,PROD-031,235730.75,212284.05,2024-04-16,Active
ACC-432,SBI-9766565058,CUST-155,PROD-051,335795.38,308239.08,2021-06-11,Active
ACC-433,SBI-1566590088,CUST-477,PROD-044,439009.43,409039.02,2024-07-05,Active
ACC-434,SBI-5202696802,CUST-134,PROD-015,156978.17,149116.87,2022-05-23,Active
ACC-435,SBI-9061380385,CUST-475,PROD-056,141821.29,136331.84,2022-03-30,Active
ACC-436,SBI-9566591713,CUST-224,PROD-022,158113.69,154377.07,2021-04-14,Active
ACC-437,SBI-1638321534,CUST-473,PROD-057,27084.48,24998.6,2020-04-21,Active
ACC-438,SBI-9277288208,CUST-084,PROD-060,218496.72,197538.33,2023-01-12,Active
ACC-439,SBI-1635885849,CUST-288,PROD-063,229150.97,214247.09,2021-09-24,Active
ACC-440,SBI-8827886095,CUST-093,PROD-022,375093.36,358711.06,2024-12-24,Active
ACC-441,SBI-3451514991,CUST-498,PROD-001,263244.7,247882.24,2020-08-26,Active
ACC-442,SBI-5406473964,CUST-256,PROD-013,443740.17,429598.72,2021-01-14,Active
ACC-443,SBI-1660460633,CUST-303,PROD-014,418570.12,380106.17,2024-01-30,Active
ACC-444,SBI-5319901125,CUST-490,PROD-035,297305.03,296406.29,2025-04-17,Active
ACC-445,SBI-4707754422,CUST-167,PROD-073,65095.44,63803.67,2022-05-29,Active
ACC-446,SBI-7881789697,CUST-029,PROD-010,273804.53,248958.17,2022-03-03,Active
ACC-447,SBI-4660797484,CUST-495,PROD-052,45049.56,41278.64,2023-06-04,Active
ACC-448,SBI-5858839243,CUST-386,PROD-020,60740.69,58709.04,2023-02-15,Active
ACC-449,SBI-7341260172,CUST-251,PROD-058,442763.81,423417.56,2023-08-07,Active
ACC-450,SBI-2829729510,CUST-217,PROD-048,307126.96,277656.23,2022-11-27,Active
ACC-451,SBI-4065041081,CUST-347,PROD-029,323981.5,321735.26,2024-06-26,Active
ACC-452,SBI-2878427679,CUST-269,PROD-011,145706.16,144354.12,2024-01-23,Active
ACC-453,SBI-7541630572,CUST-066,PROD-039,420848.21,391198.68,2020-05-28,Active
ACC-454,SBI-7488199149,CUST-470,PROD-006,256950.55,241868.05,2023-12-14,Active
ACC-455,SBI-3514994916,CUST-292,PROD-033,178051.09,173931.82,2020-02-20,Active
ACC-456,SBI-2687738937,CUST-339,PROD-060,90186.32,81918.85,2022-07-13,Active
ACC-457,SBI-8764588206,CUST-371,PROD-059,378798.46,353848.31,2021-08-04,Active
ACC-458,SBI-3892268633,CUST-041,PROD-078,130029.18,122666.91,2020-02-25,Frozen
ACC-459,SBI-7344181536,CUST-060,PROD-002,86281.81,83622.66,2025-02-12,Active
ACC-460,SBI-7943866175,CUST-156,PROD-080,406659.67,394080.15,2023-05-12,Active
ACC-461,SBI-1819488717,CUST-045,PROD-017,67989.42,66738.2,2021-08-07,Active
ACC-462,SBI-3790611308,CUST-108,PROD-062,324487.3,306179.35,2025-04-29,Active
ACC-463,SBI-8600894452,CUST-276,PROD-025,43503.73,39797.93,2023-08-03,Frozen
ACC-464,SBI-7378227601,CUST-086,PROD-020,369521.2,333294.37,2023-10-28,Active
ACC-465,SBI-8876276535,CUST-104,PROD-038,284930.52,257888.4,2020-01-25,Active
ACC-466,SBI-8939746381,CUST-434,PROD-056,489753.73,476877.04,2025-01-25,Active
ACC-467,SBI-3095520970,CUST-149,PROD-005,244004.51,237033.07,2024-06-29,Frozen
ACC-468,SBI-8079395838,CUST-296,PROD-041,276851.21,273782.05,2020-12-29,Active
ACC-469,SBI-2873593613,CUST-481,PROD-045,224438.53,205615.62,2021-08-20,Active
ACC-470,SBI-8236908598,CUST-225,PROD-030,254064.15,252075.73,2023-12-26,Active
ACC-471,SBI-8449984275,CUST-151,PROD-050,479921.78,470130.06,2021-05-18,Active
ACC-472,SBI-1554465497,CUST-145,PROD-012,333694.7,306981.91,2025-02-24,Active
ACC-473,SBI-7415500367,CUST-407,PROD-054,471555.82,435468.54,2024-09-26,Frozen
ACC-474,SBI-1681205304,CUST-010,PROD-046,440512.6,432933.52,2024-04-13,Frozen
ACC-475,SBI-3652412568,CUST-033,PROD-044,215594.92,196637.4,2021-11-27,Active
ACC-476,SBI-7687360087,CUST-175,PROD-046,384802.26,380812.54,2024-05-20,Active
ACC-477,SBI-5068981129,CUST-054,PROD-007,463352.73,455179.66,2020-05-10,Active
ACC-478,SBI-9207621403,CUST-086,PROD-016,435499.3,398788.13,2022-06-26,Active
ACC-479,SBI-4738737735,CUST-391,PROD-065,249446.3,228350.52,2023-02-04,Active
ACC-480,SBI-4302972301,CUST-071,PROD-016,424373.25,392346.48,2024-01-11,Active
ACC-481,SBI-8537002793,CUST-259,PROD-022,43074.31,40320.33,2022-02-01,Active
ACC-482,SBI-1980034265,CUST-386,PROD-068,211150.24,206964.58,2023-07-08,Active
ACC-483,SBI-8224988156,CUST-460,PROD-059,475944.35,473266.7,2023-10-07,Active
ACC-484,SBI-5659086958,CUST-006,PROD-067,471849.6,439518.68,2021-05-25,Active
ACC-485,SBI-3755074460,CUST-202,PROD-005,330258.0,327038.35,2020-06-28,Active
ACC-486,SBI-7095869833,CUST-366,PROD-067,486344.24,480789.35,2024-09-16,Active
ACC-487,SBI-4953305212,CUST-370,PROD-041,454660.81,441034.4,2023-10-18,Active
ACC-488,SBI-8081357418,CUST-455,PROD-070,312367.66,305351.89,2022-07-25,Active
ACC-489,SBI-4779036992,CUST-276,PROD-043,195301.77,185936.46,2024-08-07,Active
ACC-490,SBI-7534087794,CUST-048,PROD-066,276117.03,269408.67,2021-05-12,Frozen
ACC-491,SBI-8619949665,CUST-456,PROD-070,296455.55,288347.76,2024-04-18,Active
ACC-492,SBI-7474660539,CUST-031,PROD-048,130248.35,118836.16,2021-01-22,Active
ACC-493,SBI-5221740529,CUST-294,PROD-001,226847.01,222432.29,2024-12-11,Active
ACC-494,SBI-6299293408,CUST-458,PROD-069,422325.64,392729.13,2024-11-14,Active
ACC-495,SBI-2063577070,CUST-366,PROD-049,260073.49,242592.57,2024-12-14,Active
ACC-496,SBI-2769753981,CUST-399,PROD-047,227427.64,206782.86,2023-08-13,Active
ACC-497,SBI-7555217903,CUST-244,PROD-028,223358.96,214161.92,2024-05-31,Active
ACC-498,SBI-8028547105,CUST-447,PROD-034,292359.74,292257.76,2024-02-29,Active
ACC-499,SBI-5840960618,CUST-214,PROD-021,72600.92,70503.85,2021-02-05,Active
ACC-500,SBI-6208260061,CUST-263,PROD-068,59470.05,56338.09,2021-05-02,Active
ACC-501,SBI-2755008946,CUST-190,PROD-016,300999.31,274537.45,2024-11-11,Active
ACC-502,SBI-6903259716,CUST-268,PROD-020,59312.24,55124.68,2020-03-27,Active
ACC-503,SBI-2217547222,CUST-073,PROD-076,211167.61,193916.85,2024-02-27,Frozen
ACC-504,SBI-5486877079,CUST-281,PROD-045,34248.49,32471.6,2022-08-20,Active
ACC-505,SBI-3601503399,CUST-461,PROD-044,390784.0,381481.44,2024-04-17,Active
ACC-506,SBI-8421120053,CUST-390,PROD-058,333776.76,303380.21,2025-04-25,Active
ACC-507,SBI-6993185041,CUST-210,PROD-050,116794.73,111433.79,2023-10-08,Active
ACC-508,SBI-4037437944,CUST-331,PROD-012,433043.81,414509.31,2022-08-17,Active
ACC-509,SBI-4253932355,CUST-064,PROD-072,43033.44,42849.66,2024-06-09,Active
ACC-510,SBI-5376458227,CUST-244,PROD-065,448483.71,438920.11,2022-02-01,Active
ACC-511,SBI-7901388916,CUST-430,PROD-075,222392.62,209089.05,2020-05-19,Active
ACC-512,SBI-6070243272,CUST-479,PROD-003,170308.3,153687.18,2024-06-28,Active
ACC-513,SBI-6017191787,CUST-132,PROD-012,57764.99,52820.5,2022-03-04,Active
ACC-514,SBI-3914601601,CUST-079,PROD-040,476106.28,431300.57,2022-10-07,Active
ACC-515,SBI-5719070490,CUST-366,PROD-008,149363.16,136554.68,2022-10-04,Active
ACC-516,SBI-6310688903,CUST-483,PROD-016,26413.12,25115.24,2024-04-16,Active
ACC-517,SBI-2748380110,CUST-059,PROD-035,30785.67,29197.66,2023-06-20,Active
ACC-518,SBI-3899521378,CUST-468,PROD-003,134945.29,124774.68,2024-09-19,Active
ACC-519,SBI-2915479210,CUST-065,PROD-039,284338.7,279967.78,2024-04-03,Active
ACC-520,SBI-5231868728,CUST-496,PROD-019,186965.96,182890.54,2024-07-28,Active
ACC-521,SBI-5175059577,CUST-493,PROD-072,226145.13,203542.9,2024-02-07,Active
ACC-522,SBI-2208222796,CUST-129,PROD-049,499621.31,457723.88,2024-07-17,Active
ACC-523,SBI-2855264537,CUST-154,PROD-012,197954.8,190243.38,2022-09-15,Active
ACC-524,SBI-8334747974,CUST-485,PROD-044,317767.36,294666.09,2022-09-26,Active
ACC-525,SBI-4961067014,CUST-236,PROD-077,164564.39,158126.41,2020-01-14,Active
ACC-526,SBI-8315616392,CUST-345,PROD-023,206874.93,201960.93,2024-07-29,Active
ACC-527,SBI-5825033229,CUST-449,PROD-010,269555.34,268801.64,2023-03-15,Active
ACC-528,SBI-1036212487,CUST-184,PROD-050,89004.73,84222.44,2021-08-22,Active
ACC-529,SBI-8340948569,CUST-114,PROD-003,379331.29,348662.8,2025-03-20,Active
ACC-530,SBI-2559069619,CUST-414,PROD-029,117511.84,109059.88,2025-02-25,Active
ACC-531,SBI-7443849558,CUST-101,PROD-051,55917.79,51279.28,2021-08-25,Active
ACC-532,SBI-9870656334,CUST-290,PROD-078,282787.55,258135.44,2020-07-21,Active
ACC-533,SBI-2178229686,CUST-478,PROD-073,427811.74,421294.76,2020-03-12,Active
ACC-534,SBI-9087861217,CUST-355,PROD-069,307421.05,276739.04,2023-08-19,Active
ACC-535,SBI-6682238587,CUST-483,PROD-007,427002.98,420356.32,2023-06-18,Active
ACC-536,SBI-4259973452,CUST-349,PROD-067,233560.07,230846.16,2021-11-28,Frozen
ACC-537,SBI-2358248920,CUST-471,PROD-054,266438.94,250235.69,2022-11-05,Active
ACC-538,SBI-8256557537,CUST-293,PROD-004,495137.19,493046.51,2022-02-15,Active
ACC-539,SBI-3685620292,CUST-169,PROD-040,31890.64,28790.46,2023-09-04,Active
ACC-540,SBI-2061516500,CUST-304,PROD-043,420333.54,398206.2,2022-11-24,Active
ACC-541,SBI-1536125194,CUST-421,PROD-043,260077.68,259415.15,2020-04-13,Active
ACC-542,SBI-8741193643,CUST-456,PROD-009,391431.8,354433.23,2025-03-12,Active
ACC-543,SBI-3401995051,CUST-034,PROD-014,338943.45,315045.12,2023-03-31,Active
ACC-544,SBI-5340522065,CUST-317,PROD-053,116939.44,109735.04,2023-08-23,Active
ACC-545,SBI-4362655061,CUST-318,PROD-013,170138.43,160850.18,2022-10-16,Active
ACC-546,SBI-4063597598,CUST-056,PROD-014,6638.15,6367.9,2021-08-24,Active
ACC-547,SBI-7103178623,CUST-065,PROD-066,128514.91,124975.91,2023-10-13,Active
ACC-548,SBI-8534977387,CUST-071,PROD-006,30715.35,28599.64,2024-08-08,Active
ACC-549,SBI-6767712944,CUST-076,PROD-061,154682.87,144919.75,2020-01-26,Active
ACC-550,SBI-4688097893,CUST-337,PROD-019,29130.16,27446.61,2021-08-30,Active
ACC-551,SBI-2466954340,CUST-328,PROD-026,392739.27,379694.83,2023-12-23,Active
ACC-552,SBI-6581875190,CUST-170,PROD-075,283265.41,264247.51,2020-11-21,Active
ACC-553,SBI-4951170613,CUST-405,PROD-006,248217.37,239250.94,2021-12-16,Active
ACC-554,SBI-8793873887,CUST-110,PROD-031,240632.73,235995.05,2023-03-13,Active
ACC-555,SBI-5611640220,CUST-095,PROD-001,181727.16,164099.95,2020-12-23,Active
ACC-556,SBI-2545798406,CUST-226,PROD-025,315851.62,315071.76,2021-09-10,Active
ACC-557,SBI-4087380028,CUST-090,PROD-029,442748.42,413518.94,2024-09-18,Active
ACC-558,SBI-1434608701,CUST-101,PROD-003,88450.67,86959.8,2021-03-02,Active
ACC-559,SBI-6197929962,CUST-404,PROD-015,169522.45,160303.88,2023-02-22,Active
ACC-560,SBI-9081684463,CUST-339,PROD-022,470610.3,464887.11,2020-07-22,Active
ACC-561,SBI-6902381593,CUST-452,PROD-017,397551.61,381631.62,2025-05-30,Active
ACC-562,SBI-5933057363,CUST-024,PROD-079,293869.27,271745.96,2025-05-09,Active
ACC-563,SBI-9099596606,CUST-447,PROD-017,425825.57,392152.88,2020-09-09,Active
ACC-564,SBI-7479446952,CUST-405,PROD-079,32904.08,32085.78,2024-04-30,Active
ACC-565,SBI-8355075124,CUST-266,PROD-060,89909.76,85643.32,2024-02-10,Active
ACC-566,SBI-1157215100,CUST-254,PROD-061,134533.56,124033.57,2021-09-22,Active
ACC-567,SBI-8913183466,CUST-121,PROD-051,109687.57,101510.68,2020-09-20,Active
ACC-568,SBI-2510002930,CUST-044,PROD-038,222530.41,213272.3,2023-12-16,Active
ACC-569,SBI-7152564962,CUST-173,PROD-055,225850.03,211565.29,2024-03-25,Active
ACC-570,SBI-6299089429,CUST-196,PROD-004,90193.08,86994.43,2023-01-20,Active
ACC-571,SBI-3764474604,CUST-151,PROD-065,256639.1,251143.77,2021-12-08,Active
ACC-572,SBI-6155277595,CUST-037,PROD-047,19621.55,18045.25,2022-10-19,Active
ACC-573,SBI-2121568215,CUST-382,PROD-036,95725.9,93524.93,2022-05-25,Active
ACC-574,SBI-5346037554,CUST-401,PROD-052,472934.6,456575.37,2021-04-08,Active
ACC-575,SBI-6196373651,CUST-117,PROD-030,361806.28,334081.9,2024-12-28,Active
ACC-576,SBI-7276670087,CUST-388,PROD-060,361393.92,353873.85,2022-08-30,Active
ACC-577,SBI-3398510824,CUST-220,PROD-054,105187.58,98610.2,2024-11-29,Active
ACC-578,SBI-6818230909,CUST-157,PROD-002,250150.21,230775.84,2023-08-15,Active
ACC-579,SBI-3520952914,CUST-207,PROD-069,150168.79,143675.15,2020-04-10,Active
ACC-580,SBI-2637750783,CUST-079,PROD-043,284311.35,282852.62,2020-07-16,Active
ACC-581,SBI-9137862629,CUST-097,PROD-061,54764.86,49799.01,2020-11-20,Active
ACC-582,SBI-7886395561,CUST-091,PROD-005,413324.18,373101.06,2021-09-10,Active
ACC-583,SBI-6295864025,CUST-494,PROD-050,142266.9,137423.71,2020-08-05,Active
ACC-584,SBI-9202582000,CUST-189,PROD-067,6018.02,5651.59,2020-12-10,Active
ACC-585,SBI-1886823531,CUST-215,PROD-062,371699.81,366884.4,2022-08-20,Active
ACC-586,SBI-7266170179,CUST-364,PROD-061,79811.23,73439.92,2021-03-19,Active
ACC-587,SBI-7403618535,CUST-423,PROD-052,302621.88,286361.87,2020-05-01,Active
ACC-588,SBI-8698070838,CUST-148,PROD-059,173717.53,163139.7,2021-06-28,Active
ACC-589,SBI-7261324224,CUST-092,PROD-080,366755.35,363485.11,2021-07-23,Active
ACC-590,SBI-1187537466,CUST-049,PROD-051,349473.06,345473.05,2021-05-05,Active
ACC-591,SBI-4935462811,CUST-322,PROD-069,146298.85,141881.27,2021-11-05,Active
ACC-592,SBI-2583692176,CUST-211,PROD-071,61054.7,59561.28,2024-04-16,Active
ACC-593,SBI-2085624355,CUST-167,PROD-053,225742.52,214592.3,2023-12-06,Frozen
ACC-594,SBI-8498830090,CUST-328,PROD-060,190887.21,188134.1,2023-05-17,Frozen
ACC-595,SBI-5881146883,CUST-129,PROD-015,354695.25,343000.79,2023-12-13,Active
ACC-596,SBI-9375265373,CUST-035,PROD-011,274440.06,250845.23,2022-05-17,Active
ACC-597,SBI-6056192729,CUST-088,PROD-003,303690.78,277092.07,2023-04-29,Active
ACC-598,SBI-5954229656,CUST-344,PROD-002,338852.88,317101.47,2021-11-04,Active
ACC-599,SBI-3992485680,CUST-458,PROD-069,108475.17,106701.61,2024-06-12,Active
ACC-600,SBI-6619209856,CUST-367,PROD-014,195613.89,177077.82,2020-01-15,Frozen
ACC-601,SBI-2024522901,CUST-194,PROD-026,464445.87,422245.69,2023-08-03,Frozen
ACC-602,SBI-1271319459,CUST-008,PROD-044,410353.01,408660.11,2020-10-27,Active
ACC-603,SBI-5483999597,CUST-426,PROD-022,362143.74,344489.24,2022-10-13,Active
ACC-604,SBI-2837731893,CUST-321,PROD-025,312524.34,288535.23,2020-11-24,Active
ACC-605,SBI-2358241431,CUST-089,PROD-002,201368.68,189068.81,2023-11-26,Active
ACC-606,SBI-2584756879,CUST-337,PROD-036,325147.53,294822.04,2021-11-10,Active
ACC-607,SBI-5254054712,CUST-393,PROD-077,250038.22,242850.4,2024-11-03,Active
ACC-608,SBI-8285619035,CUST-492,PROD-013,300133.64,290466.35,2021-02-17,Active
ACC-609,SBI-8157007197,CUST-326,PROD-041,489021.75,443421.13,2020-02-24,Active
ACC-610,SBI-5245063515,CUST-300,PROD-058,191494.51,176799.33,2025-03-29,Active
ACC-611,SBI-1340975920,CUST-064,PROD-040,118579.96,108353.1,2024-03-29,Active
ACC-612,SBI-1162808124,CUST-078,PROD-049,102590.47,101804.72,2025-02-01,Active
ACC-613,SBI-9760047394,CUST-228,PROD-043,67566.37,66159.5,2023-07-13,Active
ACC-614,SBI-8442633408,CUST-148,PROD-004,114890.51,107339.08,2021-10-01,Active
ACC-615,SBI-9043210080,CUST-465,PROD-032,400825.18,381644.57,2021-07-24,Active
ACC-616,SBI-1826632812,CUST-004,PROD-009,434998.44,419093.46,2021-03-15,Active
ACC-617,SBI-1877776788,CUST-065,PROD-012,87251.07,82953.3,2023-08-17,Active
ACC-618,SBI-6346911997,CUST-160,PROD-022,360976.05,331247.34,2022-02-12,Active
ACC-619,SBI-6159978032,CUST-296,PROD-058,483879.04,477222.1,2024-02-03,Active
ACC-620,SBI-6015516952,CUST-498,PROD-047,199423.11,188282.86,2024-04-18,Active
ACC-621,SBI-8703275529,CUST-222,PROD-020,409892.1,369714.93,2023-03-31,Active
ACC-622,SBI-4120930408,CUST-043,PROD-039,297794.09,275676.68,2023-12-11,Active
ACC-623,SBI-3065210717,CUST-146,PROD-049,281289.98,262534.52,2023-12-28,Active
ACC-624,SBI-6902392354,CUST-470,PROD-025,2588.19,2434.08,2023-07-15,Active
ACC-625,SBI-5600916521,CUST-497,PROD-048,192326.69,190114.93,2021-01-21,Active
ACC-626,SBI-8396987201,CUST-290,PROD-021,97516.99,92734.84,2024-02-27,Active
ACC-627,SBI-9274335062,CUST-189,PROD-008,325627.71,317020.2,2022-01-22,Active
ACC-628,SBI-3905225852,CUST-472,PROD-047,315660.88,306111.24,2021-04-04,Active
ACC-629,SBI-4614283282,CUST-234,PROD-019,127516.87,114922.51,2020-10-13,Active
ACC-630,SBI-4869746864,CUST-470,PROD-050,199134.63,189547.04,2021-08-09,Active
ACC-631,SBI-1381708520,CUST-085,PROD-055,126809.18,122195.61,2022-12-05,Active
ACC-632,SBI-2323280914,CUST-138,PROD-027,465043.42,464440.05,2024-03-07,Frozen
ACC-633,SBI-8106114428,CUST-036,PROD-054,262718.51,255705.04,2021-06-14,Active
ACC-634,SBI-5073704803,CUST-096,PROD-018,99411.25,93950.2,2021-10-22,Active
ACC-635,SBI-6119106378,CUST-031,PROD-024,404684.72,403994.62,2023-06-24,Active
ACC-636,SBI-3733461689,CUST-468,PROD-080,55043.13,49978.12,2020-09-23,Active
ACC-637,SBI-3515332140,CUST-142,PROD-009,171404.88,162455.78,2020-11-09,Frozen
ACC-638,SBI-1179784541,CUST-137,PROD-001,332828.48,306570.59,2020-01-23,Active
ACC-639,SBI-7139456572,CUST-267,PROD-035,466098.13,436770.54,2022-12-01,Active
ACC-640,SBI-8151456771,CUST-419,PROD-031,470525.03,441278.87,2020-06-26,Active
ACC-641,SBI-5308215823,CUST-448,PROD-043,403231.97,398011.79,2023-06-02,Active
ACC-642,SBI-7574002953,CUST-455,PROD-018,13327.37,13262.15,2022-02-11,Active
ACC-643,SBI-3835659453,CUST-317,PROD-061,257699.54,232010.22,2025-06-05,Active
ACC-644,SBI-2908280434,CUST-417,PROD-042,8806.84,8460.52,2023-05-28,Active
ACC-645,SBI-6947922164,CUST-407,PROD-011,174492.81,167638.28,2021-03-20,Active
ACC-646,SBI-1136346958,CUST-449,PROD-074,392538.54,372830.16,2020-09-27,Active
ACC-647,SBI-3004903816,CUST-345,PROD-071,493616.19,488502.75,2020-12-25,Active
ACC-648,SBI-4006086273,CUST-277,PROD-031,122056.32,111138.01,2020-03-31,Active
ACC-649,SBI-8586238650,CUST-476,PROD-042,451372.94,416182.82,2022-03-11,Active
ACC-650,SBI-3112946882,CUST-488,PROD-016,332905.45,326098.88,2022-10-30,Active
ACC-651,SBI-3579898495,CUST-478,PROD-074,383285.52,369640.04,2023-03-17,Active
ACC-652,SBI-2002305548,CUST-381,PROD-049,327132.86,302895.39,2022-06-23,Active
ACC-653,SBI-5025289099,CUST-046,PROD-044,370420.32,360960.44,2020-12-26,Active
ACC-654,SBI-5302176368,CUST-066,PROD-041,477057.28,432303.82,2024-07-22,Active
ACC-655,SBI-4421221951,CUST-199,PROD-055,160161.67,152469.93,2025-02-12,Active
ACC-656,SBI-8955834329,CUST-055,PROD-051,5089.67,4741.5,2022-07-11,Active
ACC-657,SBI-2217162916,CUST-256,PROD-059,74138.97,72263.7,2020-04-16,Active
ACC-658,SBI-5825241186,CUST-159,PROD-065,495172.39,495016.34,2024-11-18,Active
ACC-659,SBI-2617951253,CUST-425,PROD-028,247765.25,247298.03,2022-11-01,Active
ACC-660,SBI-4159917292,CUST-367,PROD-027,424110.94,420851.98,2021-07-10,Active
ACC-661,SBI-9682559090,CUST-373,PROD-051,149901.34,140791.62,2023-08-05,Active
ACC-662,SBI-6510614294,CUST-179,PROD-051,195836.02,189889.97,2021-08-29,Active
ACC-663,SBI-6600955228,CUST-281,PROD-051,49111.12,47414.99,2024-11-28,Active
ACC-664,SBI-1622009556,CUST-357,PROD-062,145895.24,134488.22,2021-08-30,Active
ACC-665,SBI-3472535778,CUST-005,PROD-047,363115.78,351434.99,2021-04-03,Active
ACC-666,SBI-5707489159,CUST-219,PROD-022,463029.68,461833.15,2021-07-12,Active
ACC-667,SBI-7843568215,CUST-061,PROD-066,325223.85,324239.3,2025-05-01,Active
ACC-668,SBI-6998543735,CUST-126,PROD-005,59841.87,55669.03,2025-01-26,Active
ACC-669,SBI-6936078258,CUST-335,PROD-049,388036.98,373770.16,2023-10-14,Active
ACC-670,SBI-3189353138,CUST-062,PROD-015,41777.18,37695.66,2024-11-15,Active
ACC-671,SBI-3546395964,CUST-246,PROD-036,347016.06,325638.48,2023-09-09,Active
ACC-672,SBI-3308592457,CUST-065,PROD-013,162951.87,153261.62,2020-03-02,Active
ACC-673,SBI-7571676457,CUST-419,PROD-069,391845.54,355166.12,2024-12-21,Active
ACC-674,SBI-1503911634,CUST-420,PROD-016,376877.35,371676.57,2021-07-13,Frozen
ACC-675,SBI-1692392816,CUST-229,PROD-041,61961.13,59250.31,2020-04-18,Active
ACC-676,SBI-6031997439,CUST-064,PROD-065,149639.67,149297.04,2020-01-01,Active
ACC-677,SBI-7588919626,CUST-024,PROD-067,452357.45,413448.15,2024-03-03,Active
ACC-678,SBI-3192968846,CUST-268,PROD-046,303282.98,293818.44,2020-05-18,Active
ACC-679,SBI-4576109211,CUST-097,PROD-019,150204.76,149565.23,2025-02-13,Active
ACC-680,SBI-2812540682,CUST-303,PROD-046,139059.16,132799.39,2022-03-20,Active
ACC-681,SBI-3982920803,CUST-463,PROD-021,200329.66,191032.45,2020-08-07,Active
ACC-682,SBI-5999526932,CUST-138,PROD-025,357365.26,350988.71,2022-09-09,Active
ACC-683,SBI-3592473405,CUST-223,PROD-049,13441.98,12201.99,2021-01-22,Active
ACC-684,SBI-5677108385,CUST-351,PROD-071,203687.24,201838.68,2022-04-28,Active
ACC-685,SBI-5715645840,CUST-409,PROD-029,137186.57,136905.13,2021-11-21,Active
ACC-686,SBI-3102895903,CUST-054,PROD-016,88277.82,84119.58,2024-11-12,Active
ACC-687,SBI-4850739877,CUST-283,PROD-035,303929.74,278726.29,2023-04-25,Active
ACC-688,SBI-7024341290,CUST-413,PROD-069,276060.01,264805.32,2022-03-15,Frozen
ACC-689,SBI-5907730882,CUST-263,PROD-020,328952.69,314727.49,2022-04-10,Active
ACC-690,SBI-7909326720,CUST-372,PROD-048,353897.46,343520.72,2021-07-22,Active
ACC-691,SBI-4496203239,CUST-182,PROD-060,251363.51,233898.46,2020-09-27,Active
ACC-692,SBI-3725915610,CUST-209,PROD-041,422700.18,383671.99,2022-01-15,Active
ACC-693,SBI-8487886592,CUST-085,PROD-074,29177.06,27876.23,2024-03-11,Active
ACC-694,SBI-5880922736,CUST-006,PROD-055,338678.02,321669.79,2024-07-12,Active
ACC-695,SBI-4203690252,CUST-208,PROD-002,308335.16,299521.71,2024-07-18,Active
ACC-696,SBI-9771852156,CUST-126,PROD-068,342197.01,323330.05,2021-06-07,Active
ACC-697,SBI-1750821255,CUST-452,PROD-068,451947.41,423341.44,2021-02-18,Active
ACC-698,SBI-2628199646,CUST-488,PROD-007,211649.77,198385.33,2020-12-17,Active
ACC-699,SBI-4684249425,CUST-348,PROD-032,415947.34,386417.77,2024-02-10,Active
ACC-700,SBI-7738124846,CUST-110,PROD-001,369143.85,340256.99,2022-08-05,Active
ACC-701,SBI-3097088483,CUST-492,PROD-066,412950.83,386346.23,2025-03-27,Active
ACC-702,SBI-4102828641,CUST-153,PROD-046,54028.45,50797.92,2020-01-28,Active
ACC-703,SBI-5955149585,CUST-252,PROD-026,42829.52,39076.98,2024-02-23,Frozen
ACC-704,SBI-6993020535,CUST-394,PROD-033,113434.57,105486.04,2023-08-23,Active
ACC-705,SBI-8899980156,CUST-275,PROD-035,54793.15,50200.58,2023-01-04,Active
ACC-706,SBI-4046074294,CUST-003,PROD-046,441846.34,402551.43,2022-06-04,Frozen
ACC-707,SBI-4869756151,CUST-203,PROD-054,372090.03,340846.1,2021-09-10,Active
ACC-708,SBI-5842292127,CUST-492,PROD-035,59836.76,58347.36,2023-05-27,Active
ACC-709,SBI-5113198271,CUST-473,PROD-050,66143.13,64772.07,2021-01-26,Active
ACC-710,SBI-2015780972,CUST-257,PROD-002,383808.78,371462.05,2022-11-28,Active
ACC-711,SBI-6538217006,CUST-306,PROD-002,217447.09,206268.77,2023-08-25,Active
ACC-712,SBI-4010582093,CUST-079,PROD-066,93836.69,90705.65,2023-08-26,Active
ACC-713,SBI-1778197615,CUST-362,PROD-014,350721.9,350460.67,2025-01-10,Active
ACC-714,SBI-2723498065,CUST-077,PROD-030,60670.36,56264.85,2021-08-20,Active
ACC-715,SBI-5513818912,CUST-219,PROD-003,308425.45,290144.99,2022-08-10,Active
ACC-716,SBI-3058127882,CUST-119,PROD-029,168420.84,160165.92,2025-06-23,Active
ACC-717,SBI-9345116088,CUST-057,PROD-035,182106.28,176854.07,2022-02-06,Active
ACC-718,SBI-9813833954,CUST-025,PROD-024,20924.12,20390.04,2021-10-20,Active
ACC-719,SBI-6088849062,CUST-144,PROD-078,50830.47,50567.82,2023-02-03,Active
ACC-720,SBI-5854636277,CUST-058,PROD-013,334639.3,313241.42,2023-01-27,Active
ACC-721,SBI-2185183112,CUST-302,PROD-068,302554.55,289978.18,2020-09-28,Active
ACC-722,SBI-1817906089,CUST-067,PROD-078,60617.0,58826.74,2020-11-02,Active
ACC-723,SBI-8410324652,CUST-280,PROD-080,171777.54,171599.66,2021-09-19,Active
ACC-724,SBI-8351279458,CUST-079,PROD-006,64352.06,63654.4,2024-10-06,Active
ACC-725,SBI-4080891187,CUST-459,PROD-047,224516.87,222515.28,2020-07-29,Active
ACC-726,SBI-5155324773,CUST-269,PROD-065,395547.14,367449.7,2024-10-25,Active
ACC-727,SBI-7002190272,CUST-498,PROD-025,370487.24,358805.57,2024-05-14,Active
ACC-728,SBI-8642345291,CUST-085,PROD-057,375488.53,352991.1,2022-04-23,Active
ACC-729,SBI-7497407953,CUST-002,PROD-021,286163.04,271964.14,2024-06-19,Active
ACC-730,SBI-1511545211,CUST-437,PROD-029,148533.66,137006.4,2024-07-15,Active
ACC-731,SBI-5866075091,CUST-021,PROD-019,471051.98,465087.65,2020-06-09,Active
ACC-732,SBI-9595947379,CUST-128,PROD-027,267530.16,250072.8,2025-02-23,Active
ACC-733,SBI-5868824748,CUST-167,PROD-011,473240.7,468429.53,2022-07-05,Active
ACC-734,SBI-9440587694,CUST-030,PROD-002,412053.93,378130.98,2020-02-18,Active
ACC-735,SBI-8103123072,CUST-445,PROD-075,53668.14,52970.59,2025-05-24,Active
ACC-736,SBI-2154459322,CUST-106,PROD-057,110709.2,106077.83,2023-05-13,Active
ACC-737,SBI-9169749967,CUST-119,PROD-056,184635.68,167901.98,2021-07-17,Active
ACC-738,SBI-4133092725,CUST-418,PROD-023,94835.53,91493.19,2020-03-06,Active
ACC-739,SBI-1806801100,CUST-454,PROD-023,408840.85,373824.55,2023-08-17,Active
ACC-740,SBI-3262496662,CUST-466,PROD-052,50566.78,49185.12,2020-02-06,Active
ACC-741,SBI-4550057836,CUST-194,PROD-050,10847.6,10591.0,2020-05-15,Active
ACC-742,SBI-3575422095,CUST-395,PROD-011,134194.41,131408.54,2020-01-30,Active
ACC-743,SBI-4038499343,CUST-055,PROD-070,368197.69,338827.36,2024-02-01,Active
ACC-744,SBI-6615175782,CUST-457,PROD-057,407824.73,386573.33,2022-01-27,Active
ACC-745,SBI-1528605335,CUST-355,PROD-035,313929.18,308433.06,2020-11-15,Active
ACC-746,SBI-2783634101,CUST-053,PROD-066,443285.21,399010.35,2021-11-27,Frozen
ACC-747,SBI-8109736800,CUST-219,PROD-050,74114.57,68377.25,2023-04-10,Active
ACC-748,SBI-5255316384,CUST-367,PROD-015,246164.38,227074.89,2022-05-25,Active
ACC-749,SBI-4950827048,CUST-316,PROD-043,59616.31,58993.84,2025-02-21,Active
ACC-750,SBI-2826411454,CUST-220,PROD-068,167754.61,165961.61,2022-07-25,Active
ACC-751,SBI-4430319690,CUST-147,PROD-045,437763.38,428520.27,2021-04-06,Active
ACC-752,SBI-9488312421,CUST-076,PROD-041,74316.2,72938.75,2020-12-17,Active
ACC-753,SBI-1547761887,CUST-492,PROD-036,72761.58,71070.13,2022-12-31,Active
ACC-754,SBI-2432221894,CUST-218,PROD-062,346863.71,340000.7,2022-02-03,Active
ACC-755,SBI-6283301624,CUST-282,PROD-064,269604.25,244898.19,2023-08-03,Active
ACC-756,SBI-6305113826,CUST-398,PROD-029,351695.11,316626.4,2020-02-23,Active
ACC-757,SBI-6795403548,CUST-243,PROD-018,460491.6,453526.73,2021-03-08,Active
ACC-758,SBI-9216074478,CUST-074,PROD-071,485923.89,449115.03,2021-11-28,Active
ACC-759,SBI-4023497467,CUST-071,PROD-016,481044.97,451098.03,2020-03-22,Active
ACC-760,SBI-3497983389,CUST-218,PROD-048,27514.63,26075.14,2025-01-19,Active
ACC-761,SBI-1339273625,CUST-016,PROD-019,182939.49,166055.37,2024-11-03,Active
ACC-762,SBI-9369885242,CUST-214,PROD-020,382826.14,362543.42,2022-11-14,Active
ACC-763,SBI-1669531015,CUST-331,PROD-002,143741.15,142032.89,2020-04-09,Active
ACC-764,SBI-6271277159,CUST-089,PROD-065,80594.22,80041.75,2022-04-24,Active
ACC-765,SBI-6204917298,CUST-268,PROD-049,488974.18,470346.4,2021-11-11,Active
ACC-766,SBI-8268916871,CUST-422,PROD-072,302739.16,286918.5,2025-06-17,Active
ACC-767,SBI-2822019158,CUST-195,PROD-022,27808.49,25778.25,2020-11-20,Active
ACC-768,SBI-2212069537,CUST-309,PROD-043,14510.41,13845.21,2020-07-21,Active
ACC-769,SBI-4990891827,CUST-006,PROD-040,94278.03,87116.06,2020-09-21,Active
ACC-770,SBI-8688960845,CUST-290,PROD-006,282087.79,255167.61,2022-09-04,Active
ACC-771,SBI-8523405865,CUST-159,PROD-002,490280.54,488257.59,2024-04-03,Active
ACC-772,SBI-5182657117,CUST-385,PROD-051,362981.22,352188.22,2020-10-29,Active
ACC-773,SBI-1645046796,CUST-460,PROD-065,50950.94,48847.56,2023-04-02,Active
ACC-774,SBI-2989026093,CUST-445,PROD-005,145414.63,143745.33,2020-10-16,Active
ACC-775,SBI-3809854155,CUST-119,PROD-028,403834.28,394498.67,2021-05-15,Active
ACC-776,SBI-8596234712,CUST-257,PROD-067,496143.3,468730.4,2021-02-11,Active
ACC-777,SBI-2850707619,CUST-185,PROD-080,428048.3,423368.87,2023-04-19,Active
ACC-778,SBI-3136844280,CUST-313,PROD-078,37961.65,37220.36,2021-03-19,Active
ACC-779,SBI-4844574882,CUST-159,PROD-071,433833.07,412094.23,2023-11-14,Active
ACC-780,SBI-6855450328,CUST-479,PROD-038,81155.51,73764.1,2021-07-10,Active
ACC-781,SBI-9497523041,CUST-236,PROD-034,493078.58,481399.83,2023-10-05,Active
ACC-782,SBI-3097056432,CUST-072,PROD-016,485854.48,454928.49,2022-06-09,Active
ACC-783,SBI-5848950368,CUST-439,PROD-080,458611.49,429569.1,2025-04-24,Active
ACC-784,SBI-7467973482,CUST-192,PROD-011,341259.35,316102.65,2020-05-12,Active
ACC-785,SBI-1034114705,CUST-330,PROD-008,370650.76,365204.41,2022-06-22,Active
ACC-786,SBI-6252965310,CUST-292,PROD-052,426987.68,421614.42,2020-10-17,Active
ACC-787,SBI-2996528430,CUST-240,PROD-069,450113.19,408964.86,2020-12-02,Active
ACC-788,SBI-6151688714,CUST-473,PROD-051,384224.22,358432.04,2022-09-12,Active
ACC-789,SBI-8478761088,CUST-310,PROD-063,106711.28,97260.14,2023-11-13,Frozen
ACC-790,SBI-6211814586,CUST-080,PROD-061,73184.14,70024.1,2025-02-10,Active
ACC-791,SBI-9497854045,CUST-032,PROD-047,394884.78,363823.97,2021-10-19,Active
ACC-792,SBI-3730256149,CUST-488,PROD-055,135289.13,122891.12,2020-08-03,Active
ACC-793,SBI-9130688289,CUST-042,PROD-039,436951.06,401299.27,2020-06-15,Active
ACC-794,SBI-8529833811,CUST-462,PROD-055,171338.56,157023.79,2022-12-21,Active
ACC-795,SBI-4366641864,CUST-247,PROD-061,267985.39,267063.25,2023-09-19,Active
ACC-796,SBI-9632590108,CUST-355,PROD-074,194874.41,190647.05,2025-01-29,Active
ACC-797,SBI-2359422830,CUST-371,PROD-075,308447.93,282245.47,2023-11-26,Active
ACC-798,SBI-7040384625,CUST-256,PROD-041,57246.63,54502.75,2020-01-12,Active
ACC-799,SBI-3484110392,CUST-483,PROD-017,317329.38,286754.25,2021-08-06,Active
ACC-800,SBI-6223269868,CUST-280,PROD-022,300671.21,276911.06,2021-08-16,Active
